participant,rounds,audienceVisible,averageTime

1,1,True,28.67789
1,9,True,7.434664
1,9,True,6.660357
1,10,True,8.04086
2,6,True,4.393255
2,2,True,11.22086
2,3,True,9.015409
2,3,True,7.276578
3,6,True,6.602801
3,9,True,6.392902
3,2,True,11.20426
3,1,True,8.734276
3,7,True,11.74925
4,6,True,9.604917
4,6,True,8.734856
4,7,True,7.434705
4,11,True,7.784968
5,8,True,9.603001
5,10,True,6.78035
5,3,True,18.95357
5,14,True,10.38335
6,8,True,6.281784
6,7,True,11.82863
