rounds,audienceVisible,averageTime


1,True,28.67789

9,True,7.434664

9,True,6.660357

10,True,8.04086

6,True,4.393255

2,True,11.22086

3,True,9.015409

3,True,7.276578

6,True,6.602801

9,True,6.392902

2,True,11.20426

1,True,8.734276

7,True,11.74925

6,True,9.604917

6,True,8.734856

7,True,7.434705

11,True,7.784968

8,True,9.603001

10,True,6.78035

3,True,18.95357

14,True,10.38335

8,True,6.281784

7,True,11.82863
