rounds,audienceVisible,averageTime


4,True,8.115696

3,True,9.304645

3,True,5.72891

5,True,3.907125

2,True,8.151788

4,True,4.481762

2,True,3.781732

5,True,5.281208

3,True,4.025787

8,True,5.561497

1,True,5.436554

6,True,5.677523

1,True,5.894669

4,True,2.815441

3,True,3.253331

9,True,7.027086
