rounds,audienceVisible,averageTime

1,True,13.24289

6,True,4.703723

4,True,10.51839

2,True,7.365759

1,True,5.842651

3,True,4.166138

2,True,9.092008

3,True,12.65982

3,True,3.269149

2,True,6.263561

2,True,14.2331

2,True,11.58533
