participant,rounds,audienceVisible,averageTime


7,9,True,8.543365
7,6,True,7.114777
7,6,True,5.991636
7,12,False,8.274628
8,5,False,8.036483
8,15,False,11.55387
8,5,False,6.608289
8,11,False,9.572144
9,10,False,10.34525
9,5,False,5.437439
9,7,False,7.885296
9,7,False,5.56916
10,8,False,5.930616
10,15,False,8.791567
